{"cameraMode":{"drawMode":0,"name":"Shaded","section":"Shading Mode"},"sceneLighting":false,"audioPlay":false,"sceneViewState":{"m_AlwaysRefresh":false,"showFog":true,"showSkybox":false,"showFlares":true,"showImageEffects":true,"showParticleSystems":true,"showVisualEffectGraphs":true,"m_FxEnabled":true},"in2DMode":false,"pivot":{"x":2.173114538192749,"y":0.3921181559562683,"z":-0.0005639195442199707},"rotation":{"x":0.08440276980400086,"y":-0.6308176517486572,"z":0.06930246204137802,"w":0.7682247161865234},"size":0.6029282212257385,"orthographic":false}